Port ,Pin ,AF0          ,AF1                       ,AF2                    ,AF3                                  ,AF4                                     ,AF5               ,AF6                           ,AF7                               ,AF8                                        ,AF9                                                  ,AF10                                          ,AF11                                           ,AF12                               ,AF13              ,AF14     ,AF15    ,ADC
     ,    ,SYS          ,TIM1/2/16/17/LPTIM1/HRTIM1,SAI1/TIM3/4/5/12/HRTIM1,LPUART/TIM8/LPTIM2/3/4/5/HRTIM1/DFSDM,I2C1/2/3/4/USART1/TIM15/LPTIM2/DFSDM/CEC,SPI1/2/3/4/5/6/CEC,SPI2/3/SAI1/3/I2C4/UART4/DFSDM,SPI2/3/6/USART1/2/3/6/UART7/SDMMC1,SPI6/SAI2/4/UART4/5/8/LPUART/SDMMC1/SPDIFRX,SAI4/FDCAN1/2/TIM13/14/QUADSPI/FMC/SDMMC2/LCD/SPDIFRX,SAI2/4/TIM8/QUADSPI/SDMMC2/OTG1_HS/OTG2_FS/LCD,I2C4/UART7/SWPMI1/TIM1/8/DFSDM/SDMMC2/MDIOS/ETH,TIM1/8/FMC/SDMMC1/MDIOS/OTG1_FS/LCD,TIM1/DCMI/LCD/COMP,UART5/LCD,SYS     ,ADC
PortA,PA0 ,             ,TIM2_CH1/TIM2_ETR         ,TIM5_CH1               ,TIM8_ETR                             ,TIM15_BKIN                              ,                  ,                              ,USART2_CTS/USART2_NSS             ,UART4_TX                                   ,SDMMC2_CMD                                           ,SAI2_SD_B                                     ,ETH_MII_CRS                                    ,                                   ,                  ,         ,EVENTOUT,ADC1_INP16
PortA,PA0_C,            ,                          ,                       ,                                     ,                                        ,                  ,                              ,                                  ,                                           ,                                                     ,                                              ,                                               ,                                   ,                  ,         ,        ,ADC12_INP0
PortA,PA1 ,             ,TIM2_CH2                  ,TIM5_CH2               ,LPTIM3_OUT                           ,TIM15_CH1N                              ,                  ,                              ,USART2_RTS                        ,UART4_RX                                   ,QUADSPI_BK1_IO3                                      ,SAI2_MCK_B                                    ,ETH_MII_RX_CLK/ETH_RMII_REF_CLK                ,                                   ,                  ,LCD_R2   ,EVENTOUT,ADC1_INN16/ADC1_INP17/ADC12_INP1
PortA,PA1_C,            ,                          ,                       ,                                     ,                                        ,                  ,                              ,                                  ,                                           ,                                                     ,                                              ,                                               ,                                   ,                  ,         ,        ,ADC12_INP1
PortA,PA2 ,             ,TIM2_CH3                  ,TIM5_CH3               ,LPTIM4_OUT                           ,TIM15_CH1                               ,                  ,                              ,USART2_TX                         ,SAI2_SCK_B                                 ,                                                     ,                                              ,ETH_MDIO                                       ,MDIOS_MDIO                         ,                  ,LCD_R1   ,EVENTOUT,ADC12_INP14
PortA,PA3 ,             ,TIM2_CH4                  ,TIM5_CH4               ,LPTIM5_OUT                           ,TIM15_CH2                               ,                  ,                              ,USART2_RX                         ,                                           ,LCD_B2                                               ,OTG_HS_ULPI_D0                                ,ETH_MII_COL                                    ,                                   ,                  ,LCD_B5   ,EVENTOUT,ADC12_INP15
PortA,PA4 ,             ,                          ,TIM5_ETR               ,                                     ,                                        ,SPI1_NSS/I2S1_WS  ,SPI3_NSS/I2S3_WS              ,USART2_CK                         ,SPI6_NSS                                   ,                                                     ,                                              ,                                               ,OTG_HS_SOF                         ,DCMI_HSYNC        ,LCD_VSYNC,EVENTOUT,ADC12_INP18
PortA,PA5 ,             ,TIM2_CH1/TIM2_ETR         ,                       ,TIM8_CH1N                            ,                                        ,SPI1_SCK/I2S1_CK  ,                              ,                                  ,SPI6_SCK                                   ,                                                     ,OTG_HS_ULPI_CK                                ,                                               ,                                   ,                  ,LCD_R4   ,EVENTOUT,ADC12_INN18/ADC12_INP19
PortA,PA6 ,             ,TIM1_BKIN                 ,TIM3_CH1               ,TIM8_BKIN                            ,                                        ,SPI1_MISO/I2S1_SDI,                              ,                                  ,SPI6_MISO                                  ,TIM13_CH1                                            ,TIM8_BKIN_COMP12                              ,MDIOS_MDC                                      ,TIM1_BKIN_COMP12                   ,DCMI_PIXCLK       ,LCD_G2   ,EVENTOUT,ADC12_INP3
PortA,PA7 ,             ,TIM1_CH1N                 ,TIM3_CH2               ,TIM8_CH1N                            ,                                        ,SPI1_MOSI/I2S1_SDO,                              ,                                  ,SPI6_MOSI                                  ,TIM14_CH1                                            ,                                              ,ETH_MII_RX_DV/ETH_RMII_CRS_DV                  ,FMC_SDNWE                          ,                  ,         ,EVENTOUT,ADC12_INN3/ADC12_INP7
PortA,PA8 ,MCO1         ,TIM1_CH1                  ,HRTIM_CHB2             ,TIM8_BKIN2                           ,I2C3_SCL                                ,                  ,                              ,USART1_CK                         ,                                           ,                                                     ,OTG_FS_SOF                                    ,UART7_RX                                       ,TIM8_BKIN2_COMP12                  ,LCD_B3            ,LCD_R6   ,EVENTOUT,
PortA,PA9 ,             ,TIM1_CH2                  ,HRTIM_CHC1             ,LPUART1_TX                           ,I2C3_SMBA                               ,SPI2_SCK/I2S2_CK  ,                              ,USART1_TX                         ,                                           ,CAN1_RXFD                                            ,                                              ,ETH_TX_ER                                      ,                                   ,DCMI_D0           ,LCD_R5   ,EVENTOUT,
PortA,PA10,             ,TIM1_CH3                  ,HRTIM_CHC2             ,LPUART1_RX                           ,                                        ,                  ,                              ,USART1_RX                         ,                                           ,CAN1_TXFD                                            ,OTG_FS_ID                                     ,MDIOS_MDIO                                     ,LCD_B4                             ,DCMI_D1           ,LCD_B1   ,EVENTOUT,
PortA,PA11,             ,TIM1_CH4                  ,HRTIM_CHD1             ,LPUART1_CTS                          ,                                        ,SPI2_NSS/I2S2_WS  ,UART4_RX                      ,USART1_CTS/USART1_NSS             ,                                           ,CAN1_RX                                              ,OTG_FS_DM                                     ,                                               ,                                   ,                  ,LCD_R4   ,EVENTOUT,
PortA,PA12,             ,TIM1_ETR                  ,HRTIM_CHD2             ,LPUART1_RTS                          ,                                        ,SPI2_SCK/I2S2_CK  ,UART4_TX                      ,USART1_RTS                        ,SAI2_FS_B                                  ,CAN1_TX                                              ,OTG_FS_DP                                     ,                                               ,                                   ,                  ,LCD_R5   ,EVENTOUT,
PortA,PA13,JTMS/SWDIO   ,                          ,                       ,                                     ,                                        ,                  ,                              ,                                  ,                                           ,                                                     ,                                              ,                                               ,                                   ,                  ,         ,EVENTOUT,
PortA,PA14,JTCK/SWCLK   ,                          ,                       ,                                     ,                                        ,                  ,                              ,                                  ,                                           ,                                                     ,                                              ,                                               ,                                   ,                  ,         ,EVENTOUT,
PortA,PA15,JTDI         ,TIM2_CH1/TIM2_ETR         ,HRTIM_FLT1             ,                                     ,HDMI_CEC                                ,SPI1_NSS/I2S1_WS  ,SPI3_NSS/I2S3_WS              ,SPI6_NSS                          ,UART4_RTS                                  ,                                                     ,                                              ,UART7_TX                                       ,                                   ,                  ,         ,EVENTOUT,
PortB,PB0 ,             ,TIM1_CH2N                 ,TIM3_CH3               ,TIM8_CH2N                            ,                                        ,                  ,DFSDM_CKOUT                   ,                                  ,UART4_CTS                                  ,LCD_R3                                               ,OTG_HS_ULPI_D1                                ,ETH_MII_RXD2                                   ,                                   ,                  ,LCD_G1   ,EVENTOUT,ADC12_INN5/ADC12_INP9
PortB,PB1 ,             ,TIM1_CH3N                 ,TIM3_CH4               ,TIM8_CH3N                            ,                                        ,                  ,DFSDM_DATIN1                  ,                                  ,                                           ,LCD_R6                                               ,OTG_HS_ULPI_D2                                ,ETH_MII_RXD3                                   ,                                   ,                  ,LCD_G0   ,EVENTOUT,ADC12_INP5
PortB,PB2 ,             ,                          ,SAI1_D1                ,                                     ,DFSDM_CKIN1                             ,                  ,SAI1_SD_A                     ,SPI3_MOSI/I2S3_SDO                ,SAI4_SD_A                                  ,QUADSPI_CLK                                          ,SAI4_D1                                       ,ETH_TX_ER                                      ,                                   ,                  ,         ,EVENTOUT,
PortB,PB3 ,JTDO/TRACESWO,TIM2_CH2                  ,HRTIM_FLT4             ,                                     ,                                        ,SPI1_SCK/I2S1_CK  ,SPI3_SCK/I2S3_CK              ,                                  ,SPI6_SCK                                   ,SDMMC2_D2                                            ,                                              ,UART7_RX                                       ,                                   ,                  ,         ,EVENTOUT,
PortB,PB4 ,NJTRST       ,TIM16_BKIN                ,TIM3_CH1               ,HRTIM_EEV6                           ,                                        ,SPI1_MISO/I2S1_SDI,SPI3_MISO/I2S3_SDI            ,SPI2_NSS/I2S2_WS                  ,SPI6_MISO                                  ,SDMMC2_D3                                            ,                                              ,UART7_TX                                       ,                                   ,                  ,         ,EVENTOUT,
PortB,PB5 ,             ,TIM17_BKIN                ,TIM3_CH2               ,HRTIM_EEV7                           ,I2C1_SMBA                               ,SPI1_MOSI/I2S1_SDO,I2C4_SMBA                     ,SPI3_MOSI/I2S3_SDO                ,SPI6_MOSI                                  ,CAN2_RX                                              ,OTG_HS_ULPI_D7                                ,ETH_PPS_OUT                                    ,FMC_SDCKE1                         ,DCMI_D10          ,UART5_RX ,EVENTOUT,
PortB,PB6 ,             ,TIM16_CH1N                ,TIM4_CH1               ,HRTIM_EEV8                           ,I2C1_SCL                                ,HDMI_CEC          ,I2C4_SCL                      ,USART1_TX                         ,LPUART1_TX                                 ,CAN2_TX                                              ,QUADSPI_BK1_NCS                               ,DFSDM_DATIN5                                   ,FMC_SDNE1                          ,DCMI_D5           ,UART5_TX ,EVENTOUT,
PortB,PB7 ,             ,TIM17_CH1N                ,TIM4_CH2               ,HRTIM_EEV9                           ,I2C1_SDA                                ,                  ,I2C4_SDA                      ,USART1_RX                         ,LPUART1_RX                                 ,CAN2_TXFD                                            ,                                              ,DFSDM_CKIN5                                    ,FMC_NL                             ,DCMI_VSYNC        ,         ,EVENTOUT,
PortB,PB8 ,             ,TIM16_CH1                 ,TIM4_CH3               ,DFSDM_CKIN7                          ,I2C1_SCL                                ,                  ,I2C4_SCL                      ,SDMMC1_CKIN                       ,UART4_RX                                   ,CAN1_RX                                              ,SDMMC2_D4                                     ,ETH_MII_TXD3                                   ,SDMMC1_D4                          ,DCMI_D6           ,LCD_B6   ,EVENTOUT,
PortB,PB9 ,             ,TIM17_CH1                 ,TIM4_CH4               ,DFSDM_DATIN7                         ,I2C1_SDA                                ,SPI2_NSS/I2S2_WS  ,I2C4_SDA                      ,SDMMC1_CDIR                       ,UART4_TX                                   ,CAN1_TX                                              ,SDMMC2_D5                                     ,I2C4_SMBA                                      ,SDMMC1_D5                          ,DCMI_D7           ,LCD_B7   ,EVENTOUT,
PortB,PB10,             ,TIM2_CH3                  ,HRTIM_SCOUT            ,LPTIM2_IN1                           ,I2C2_SCL                                ,SPI2_SCK/I2S2_CK  ,DFSDM_DATIN7                  ,USART3_TX                         ,                                           ,QUADSPI_BK1_NCS                                      ,OTG_HS_ULPI_D3                                ,ETH_MII_RX_ER                                  ,                                   ,                  ,LCD_G4   ,EVENTOUT,
PortB,PB11,             ,TIM2_CH4                  ,HRTIM_SCIN             ,LPTIM2_ETR                           ,I2C2_SDA                                ,                  ,DFSDM_CKIN7                   ,USART3_RX                         ,                                           ,                                                     ,OTG_HS_ULPI_D4                                ,ETH_MII_TX_EN/ETH_RMII_TX_EN                   ,                                   ,                  ,LCD_G5   ,EVENTOUT,
PortB,PB12,             ,TIM1_BKIN                 ,                       ,                                     ,I2C2_SMBA                               ,SPI2_NSS/I2S2_WS  ,DFSDM_DATIN1                  ,USART3_CK                         ,                                           ,CAN2_RX                                              ,OTG_HS_ULPI_D5                                ,ETH_MII_TXD0/ETH_RMII_TXD0                     ,OTG_HS_ID                          ,TIM1_BKIN_COMP12  ,UART5_RX ,EVENTOUT,
PortB,PB13,             ,TIM1_CH1N                 ,                       ,LPTIM2_OUT                           ,                                        ,SPI2_SCK/I2S2_CK  ,DFSDM_CKIN1                   ,USART3_CTS/USART3_NSS             ,                                           ,CAN2_TX                                              ,OTG_HS_ULPI_D6                                ,ETH_MII_TXD1/ETH_RMII_TXD1                     ,                                   ,                  ,UART5_TX ,EVENTOUT,
PortB,PB14,             ,TIM1_CH2N                 ,TIM12_CH1              ,TIM8_CH2N                            ,USART1_TX                               ,SPI2_MISO/I2S2_SDI,DFSDM_DATIN2                  ,USART3_RTS                        ,UART4_RTS                                  ,SDMMC2_D0                                            ,                                              ,                                               ,OTG_HS_DM                          ,                  ,         ,EVENTOUT,
PortB,PB15,RTC_REFIN    ,TIM1_CH3N                 ,TIM12_CH2              ,TIM8_CH3N                            ,USART1_RX                               ,SPI2_MOSI/I2S2_SDO,DFSDM_CKIN2                   ,                                  ,UART4_CTS                                  ,SDMMC2_D1                                            ,                                              ,                                               ,OTG_HS_DP                          ,                  ,         ,EVENTOUT,
PortC,PC0 ,             ,                          ,                       ,DFSDM_CKIN0                          ,                                        ,                  ,DFSDM_DATIN4                  ,                                  ,SAI2_FS_B                                  ,                                                     ,OTG_HS_ULPI_STP                               ,                                               ,FMC_SDNWE                          ,                  ,LCD_R5   ,EVENTOUT,ADC123_INP10
PortC,PC1 ,TRACED0      ,                          ,SAI1_D1                ,DFSDM_DATIN0                         ,DFSDM_CKIN4                             ,SPI2_MOSI/I2S2_SDO,SAI1_SD_A                     ,                                  ,SAI4_SD_A                                  ,SDMMC2_CK                                            ,SAI4_D1                                       ,ETH_MDC                                        ,MDIOS_MDC                          ,                  ,         ,EVENTOUT,ADC123_INN10/ADC123_INP11
PortC,PC2 ,             ,                          ,                       ,DFSDM_CKIN1                          ,                                        ,SPI2_MISO/I2S2_SDI,DFSDM_CKOUT                   ,                                  ,                                           ,                                                     ,OTG_HS_ULPI_DIR                               ,ETH_MII_TXD2                                   ,FMC_SDNE0                          ,                  ,         ,EVENTOUT,ADC123_INN11/ADC123_INP12
PortC,PC2_C,            ,                          ,                       ,                                     ,                                        ,                  ,                              ,                                  ,                                           ,                                                     ,                                              ,                                               ,                                   ,                  ,         ,        ,ADC3_INP0
PortC,PC3 ,             ,                          ,                       ,DFSDM_DATIN1                         ,                                        ,SPI2_MOSI/I2S2_SDO,                              ,                                  ,                                           ,                                                     ,OTG_HS_ULPI_NXT                               ,ETH_MII_TX_CLK                                 ,FMC_SDCKE0                         ,                  ,         ,EVENTOUT,ADC12_INN12/ADC12_INP13
PortC,PC3_C,            ,                          ,                       ,                                     ,                                        ,                  ,                              ,                                  ,                                           ,                                                     ,                                              ,                                               ,                                   ,                  ,         ,        ,ADC3_INP1
PortC,PC4 ,             ,                          ,                       ,DFSDM_CKIN2                          ,                                        ,I2S1_MCK          ,                              ,                                  ,                                           ,SPDIFRX_IN2                                          ,                                              ,ETH_MII_RXD0/ETH_RMII_RXD0                     ,FMC_SDNE0                          ,                  ,         ,EVENTOUT,ADC12_INP4
PortC,PC5 ,             ,                          ,SAI1_D3                ,DFSDM_DATIN2                         ,                                        ,                  ,                              ,                                  ,                                           ,SPDIFRX_IN3                                          ,SAI4_D3                                       ,ETH_MII_RXD1/ETH_RMII_RXD1                     ,FMC_SDCKE0                         ,COMP_1_OUT        ,         ,EVENTOUT,ADC12_INN4/ADC12_INP8
PortC,PC6 ,             ,HRTIM_CHA1                ,TIM3_CH1               ,TIM8_CH1                             ,DFSDM_CKIN3                             ,I2S2_MCK          ,                              ,USART6_TX                         ,SDMMC1_D0DIR                               ,FMC_NWAIT                                            ,SDMMC2_D6                                     ,                                               ,SDMMC1_D6                          ,DCMI_D0           ,LCD_HSYNC,EVENTOUT,
PortC,PC7 ,TRGIO        ,HRTIM_CHA2                ,TIM3_CH2               ,TIM8_CH2                             ,DFSDM_DATIN3                            ,                  ,I2S3_MCK                      ,USART6_RX                         ,SDMMC1_D123DIR                             ,FMC_NE1                                              ,SDMMC2_D7                                     ,SWPMI_TX                                       ,SDMMC1_D7                          ,DCMI_D1           ,LCD_G6   ,EVENTOUT,
PortC,PC8 ,TRACED1      ,HRTIM_CHB1                ,TIM3_CH3               ,TIM8_CH3                             ,                                        ,                  ,                              ,USART6_CK                         ,UART5_RTS                                  ,FMC_NE2/FMC_NCE                                      ,                                              ,SWPMI_RX                                       ,SDMMC1_D0                          ,DCMI_D2           ,         ,EVENTOUT,
PortC,PC9 ,MCO2         ,                          ,TIM3_CH4               ,TIM8_CH4                             ,I2C3_SDA                                ,I2S_CKIN          ,                              ,                                  ,UART5_CTS                                  ,QUADSPI_BK1_IO0                                      ,LCD_G3                                        ,SWPMI_SUSPEND                                  ,SDMMC1_D1                          ,DCMI_D3           ,LCD_B2   ,EVENTOUT,
PortC,PC10,             ,                          ,HRTIM_EEV1             ,DFSDM_CKIN5                          ,                                        ,                  ,SPI3_SCK/I2S3_CK              ,USART3_TX                         ,UART4_TX                                   ,QUADSPI_BK1_IO1                                      ,                                              ,                                               ,SDMMC1_D2                          ,DCMI_D8           ,LCD_R2   ,EVENTOUT,
PortC,PC11,             ,                          ,HRTIM_FLT2             ,DFSDM_DATIN5                         ,                                        ,                  ,SPI3_MISO/I2S3_SDI            ,USART3_RX                         ,UART4_RX                                   ,QUADSPI_BK2_NCS                                      ,                                              ,                                               ,SDMMC1_D3                          ,DCMI_D4           ,         ,EVENTOUT,
PortC,PC12,TRACED3      ,                          ,HRTIM_EEV2             ,                                     ,                                        ,                  ,SPI3_MOSI/I2S3_SDO            ,USART3_CK                         ,UART5_TX                                   ,                                                     ,                                              ,                                               ,SDMMC1_CK                          ,DCMI_D9           ,         ,EVENTOUT,
PortC,PC13,             ,                          ,                       ,                                     ,                                        ,                  ,                              ,                                  ,                                           ,                                                     ,                                              ,                                               ,                                   ,                  ,         ,EVENTOUT,
PortC,PC14,             ,                          ,                       ,                                     ,                                        ,                  ,                              ,                                  ,                                           ,                                                     ,                                              ,                                               ,                                   ,                  ,         ,EVENTOUT,
PortC,PC15,             ,                          ,                       ,                                     ,                                        ,                  ,                              ,                                  ,                                           ,                                                     ,                                              ,                                               ,                                   ,                  ,         ,EVENTOUT,
PortD,PD0 ,             ,                          ,                       ,DFSDM_CKIN6                          ,                                        ,                  ,SAI3_SCK_A                    ,                                  ,UART4_RX                                   ,CAN1_RX                                              ,                                              ,                                               ,FMC_D2/FMC_DA2                     ,                  ,         ,EVENTOUT,
PortD,PD1 ,             ,                          ,                       ,DFSDM_DATIN6                         ,                                        ,                  ,SAI3_SD_A                     ,                                  ,UART4_TX                                   ,CAN1_TX                                              ,                                              ,                                               ,FMC_D3/FMC_DA3                     ,                  ,         ,EVENTOUT,
PortD,PD2 ,TRACED2      ,                          ,TIM3_ETR               ,                                     ,                                        ,                  ,                              ,                                  ,UART5_RX                                   ,                                                     ,                                              ,                                               ,SDMMC1_CMD                         ,DCMI_D11          ,         ,EVENTOUT,
PortD,PD3 ,             ,                          ,                       ,DFSDM_CKOUT                          ,                                        ,SPI2_SCK/I2S2_CK  ,                              ,USART2_CTS/USART2_NSS             ,                                           ,                                                     ,                                              ,                                               ,FMC_CLK                            ,DCMI_D5           ,LCD_G7   ,EVENTOUT,
PortD,PD4 ,             ,                          ,HRTIM_FLT3             ,                                     ,                                        ,                  ,SAI3_FS_A                     ,USART2_RTS                        ,                                           ,CAN1_RXFD                                            ,                                              ,                                               ,FMC_NOE                            ,                  ,         ,EVENTOUT,
PortD,PD5 ,             ,                          ,HRTIM_EEV3             ,                                     ,                                        ,                  ,                              ,USART2_TX                         ,                                           ,CAN1_TXFD                                            ,                                              ,                                               ,FMC_NWE                            ,                  ,         ,EVENTOUT,
PortD,PD6 ,             ,                          ,SAI1_D1                ,DFSDM_CKIN4                          ,DFSDM_DATIN1                            ,SPI3_MOSI/I2S3_SDO,SAI1_SD_A                     ,USART2_RX                         ,SAI4_SD_A                                  ,CAN2_RXFD                                            ,SAI4_D1                                       ,SDMMC2_CK                                      ,FMC_NWAIT                          ,DCMI_D10          ,LCD_B2   ,EVENTOUT,
PortD,PD7 ,             ,                          ,                       ,DFSDM_DATIN4                         ,                                        ,SPI1_MOSI/I2S1_SDO,DFSDM_CKIN1                   ,USART2_CK                         ,                                           ,SPDIFRX_IN0                                          ,                                              ,SDMMC2_CMD                                     ,FMC_NE1                            ,                  ,         ,EVENTOUT,
PortD,PD8 ,             ,                          ,                       ,DFSDM_CKIN3                          ,                                        ,                  ,SAI3_SCK_B                    ,USART3_TX                         ,                                           ,SPDIFRX_IN1                                          ,                                              ,                                               ,FMC_D13/FMC_DA13                   ,                  ,         ,EVENTOUT,
PortD,PD9 ,             ,                          ,                       ,DFSDM_DATIN3                         ,                                        ,                  ,SAI3_SD_B                     ,USART3_RX                         ,                                           ,CAN2_RXFD                                            ,                                              ,                                               ,FMC_D14/FMC_DA14                   ,                  ,         ,EVENTOUT,
PortD,PD10,             ,                          ,                       ,DFSDM_CKOUT                          ,                                        ,                  ,SAI3_FS_B                     ,USART3_CK                         ,                                           ,CAN2_TXFD                                            ,                                              ,                                               ,FMC_D15/FMC_DA15                   ,                  ,LCD_B3   ,EVENTOUT,
PortD,PD11,             ,                          ,                       ,LPTIM2_IN2                           ,I2C4_SMBA                               ,                  ,                              ,USART3_CTS/USART3_NSS             ,                                           ,QUADSPI_BK1_IO0                                      ,SAI2_SD_A                                     ,                                               ,FMC_A16                            ,                  ,         ,EVENTOUT,
PortD,PD12,             ,LPTIM1_IN1                ,TIM4_CH1               ,LPTIM2_IN1                           ,I2C4_SCL                                ,                  ,                              ,USART3_RTS                        ,                                           ,QUADSPI_BK1_IO1                                      ,SAI2_FS_A                                     ,                                               ,FMC_A17                            ,                  ,         ,EVENTOUT,
PortD,PD13,             ,LPTIM1_OUT                ,TIM4_CH2               ,                                     ,I2C4_SDA                                ,                  ,                              ,                                  ,                                           ,QUADSPI_BK1_IO3                                      ,SAI2_SCK_A                                    ,                                               ,FMC_A18                            ,                  ,         ,EVENTOUT,
PortD,PD14,             ,                          ,TIM4_CH3               ,                                     ,                                        ,                  ,SAI3_MCLK_B                   ,                                  ,UART8_CTS                                  ,                                                     ,                                              ,                                               ,FMC_D0/FMC_DA0                     ,                  ,         ,EVENTOUT,
PortD,PD15,             ,                          ,TIM4_CH4               ,                                     ,                                        ,                  ,SAI3_MCLK_A                   ,                                  ,UART8_RTS                                  ,                                                     ,                                              ,                                               ,FMC_D1/FMC_DA1                     ,                  ,         ,EVENTOUT,
PortE,PE0 ,             ,LPTIM1_ETR                ,TIM4_ETR               ,HRTIM_SCIN                           ,LPTIM2_ETR                              ,                  ,                              ,                                  ,UART8_RX                                   ,CAN1_RXFD                                            ,SAI2_MCK_A                                    ,                                               ,FMC_NBL0                           ,DCMI_D2           ,         ,EVENTOUT,
PortE,PE1 ,             ,LPTIM1_IN2                ,                       ,HRTIM_SCOUT                          ,                                        ,                  ,                              ,                                  ,UART8_TX                                   ,CAN1_TXFD                                            ,                                              ,                                               ,FMC_NBL1                           ,DCMI_D3           ,         ,EVENTOUT,
PortE,PE2 ,TRACECLK     ,                          ,SAI1_CK1               ,                                     ,                                        ,SPI4_SCK          ,SAI1_MCLK_A                   ,                                  ,SAI4_MCLK_A                                ,QUADSPI_BK1_IO2                                      ,SAI4_CK1                                      ,ETH_MII_TXD3                                   ,FMC_A23                            ,                  ,         ,EVENTOUT,
PortE,PE3 ,TRACED0      ,                          ,                       ,                                     ,TIM15_BKIN                              ,                  ,SAI1_SD_B                     ,                                  ,SAI4_SD_B                                  ,                                                     ,                                              ,                                               ,FMC_A19                            ,                  ,         ,EVENTOUT,
PortE,PE4 ,TRACED1      ,                          ,SAI1_D2                ,DFSDM_DATIN3                         ,TIM15_CH1N                              ,SPI4_NSS          ,SAI1_FS_A                     ,                                  ,SAI4_FS_A                                  ,                                                     ,SAI4_D2                                       ,                                               ,FMC_A20                            ,DCMI_D4           ,LCD_B0   ,EVENTOUT,
PortE,PE5 ,TRACED2      ,                          ,SAI1_CK2               ,DFSDM_CKIN3                          ,TIM15_CH1                               ,SPI4_MISO         ,SAI1_SCK_A                    ,                                  ,SAI4_SCK_A                                 ,                                                     ,SAI4_CK2                                      ,                                               ,FMC_A21                            ,DCMI_D6           ,LCD_G0   ,EVENTOUT,
PortE,PE6 ,TRACED3      ,TIM1_BKIN2                ,SAI1_D1                ,                                     ,TIM15_CH2                               ,SPI4_MOSI         ,SAI1_SD_A                     ,                                  ,SAI4_SD_A                                  ,SAI4_D1                                              ,SAI2_MCK_B                                    ,TIM1_BKIN2_COMP12                              ,FMC_A22                            ,DCMI_D7           ,LCD_G1   ,EVENTOUT,
PortE,PE7 ,             ,TIM1_ETR                  ,                       ,DFSDM_DATIN2                         ,                                        ,                  ,                              ,UART7_RX                          ,                                           ,                                                     ,QUADSPI_BK2_IO0                               ,                                               ,FMC_D4/FMC_DA4                     ,                  ,         ,EVENTOUT,
PortE,PE8 ,             ,TIM1_CH1N                 ,                       ,DFSDM_CKIN2                          ,                                        ,                  ,                              ,UART7_TX                          ,                                           ,                                                     ,QUADSPI_BK2_IO1                               ,                                               ,FMC_D5/FMC_DA5                     ,COMP_2_OUT        ,         ,EVENTOUT,
PortE,PE9 ,             ,TIM1_CH1                  ,                       ,DFSDM_CKOUT                          ,                                        ,                  ,                              ,UART7_RTS                         ,                                           ,                                                     ,QUADSPI_BK2_IO2                               ,                                               ,FMC_D6/FMC_DA6                     ,                  ,         ,EVENTOUT,
PortE,PE10,             ,TIM1_CH2N                 ,                       ,DFSDM_DATIN4                         ,                                        ,                  ,                              ,UART7_CTS                         ,                                           ,                                                     ,QUADSPI_BK2_IO3                               ,                                               ,FMC_D7/FMC_DA7                     ,                  ,         ,EVENTOUT,
PortE,PE11,             ,TIM1_CH2                  ,                       ,DFSDM_CKIN4                          ,                                        ,SPI4_NSS          ,                              ,                                  ,                                           ,                                                     ,SAI2_SD_B                                     ,                                               ,FMC_D8/FMC_DA8                     ,                  ,LCD_G3   ,EVENTOUT,
PortE,PE12,             ,TIM1_CH3N                 ,                       ,DFSDM_DATIN5                         ,                                        ,SPI4_SCK          ,                              ,                                  ,                                           ,                                                     ,SAI2_SCK_B                                    ,                                               ,FMC_D9/FMC_DA9                     ,COMP_1_OUT        ,LCD_B4   ,EVENTOUT,
PortE,PE13,             ,TIM1_CH3                  ,                       ,DFSDM_CKIN5                          ,                                        ,SPI4_MISO         ,                              ,                                  ,                                           ,                                                     ,SAI2_FS_B                                     ,                                               ,FMC_D10/FMC_DA10                   ,COMP_2_OUT        ,LCD_DE   ,EVENTOUT,
PortE,PE14,             ,TIM1_CH4                  ,                       ,                                     ,                                        ,SPI4_MOSI         ,                              ,                                  ,                                           ,                                                     ,SAI2_MCK_B                                    ,                                               ,FMC_D11/FMC_DA11                   ,                  ,LCD_CLK  ,EVENTOUT,
PortE,PE15,             ,TIM1_BKIN                 ,                       ,                                     ,                                        ,HDMI__TIM1_BKIN   ,                              ,                                  ,                                           ,                                                     ,                                              ,                                               ,FMC_D12/FMC_DA12                   ,TIM1_BKIN_COMP12  ,LCD_R7   ,EVENTOUT,
PortF,PF0 ,             ,                          ,                       ,                                     ,I2C2_SDA                                ,                  ,                              ,                                  ,                                           ,                                                     ,                                              ,                                               ,FMC_A0                             ,                  ,         ,EVENTOUT,
PortF,PF1 ,             ,                          ,                       ,                                     ,I2C2_SCL                                ,                  ,                              ,                                  ,                                           ,                                                     ,                                              ,                                               ,FMC_A1                             ,                  ,         ,EVENTOUT,
PortF,PF2 ,             ,                          ,                       ,                                     ,I2C2_SMBA                               ,                  ,                              ,                                  ,                                           ,                                                     ,                                              ,                                               ,FMC_A2                             ,                  ,         ,EVENTOUT,
PortF,PF3 ,             ,                          ,                       ,                                     ,                                        ,                  ,                              ,                                  ,                                           ,                                                     ,                                              ,                                               ,FMC_A3                             ,                  ,         ,EVENTOUT,ADC3_INP5
PortF,PF4 ,             ,                          ,                       ,                                     ,                                        ,                  ,                              ,                                  ,                                           ,                                                     ,                                              ,                                               ,FMC_A4                             ,                  ,         ,EVENTOUT,ADC3_INN5/ADC3_INP9
PortF,PF5 ,             ,                          ,                       ,                                     ,                                        ,                  ,                              ,                                  ,                                           ,                                                     ,                                              ,                                               ,FMC_A5                             ,                  ,         ,EVENTOUT,ADC3_INP4
PortF,PF6 ,             ,TIM16_CH1                 ,                       ,                                     ,                                        ,SPI5_NSS          ,SAI1_SD_B                     ,UART7_RX                          ,SAI4_SD_B                                  ,QUADSPI_BK1_IO3                                      ,                                              ,                                               ,                                   ,                  ,         ,EVENTOUT,ADC3_INN4/ADC3_INP8
PortF,PF7 ,             ,TIM17_CH1                 ,                       ,                                     ,                                        ,SPI5_SCK          ,SAI1_MCLK_B                   ,UART7_TX                          ,SAI4_MCLK_B                                ,QUADSPI_BK1_IO2                                      ,                                              ,                                               ,                                   ,                  ,         ,EVENTOUT,ADC3_INP3
PortF,PF8 ,             ,TIM16_CH1N                ,                       ,                                     ,                                        ,SPI5_MISO         ,SAI1_SCK_B                    ,UART7_RTS                         ,SAI4_SCK_B                                 ,TIM13_CH1                                            ,QUADSPI_BK1_IO0                               ,                                               ,                                   ,                  ,         ,EVENTOUT,ADC3_INN3/ADC3_INP7
PortF,PF9 ,             ,TIM17_CH1N                ,                       ,                                     ,                                        ,SPI5_MOSI         ,SAI1_FS_B                     ,UART7_CTS                         ,SAI4_FS_B                                  ,TIM14_CH1                                            ,QUADSPI_BK1_IO1                               ,                                               ,                                   ,                  ,         ,EVENTOUT,ADC3_INP2
PortF,PF10,             ,TIM16_BKIN                ,SAI1_D3                ,                                     ,                                        ,                  ,                              ,                                  ,                                           ,QUADSPI_CLK                                          ,SAI4_D3                                       ,                                               ,                                   ,DCMI_D11          ,LCD_DE   ,EVENTOUT,ADC3_INN2/ADC3_INP6
PortF,PF11,             ,                          ,                       ,                                     ,                                        ,SPI5_MOSI         ,                              ,                                  ,                                           ,                                                     ,SAI2_SD_B                                     ,                                               ,FMC_SDNRAS                         ,DCMI_D12          ,         ,EVENTOUT,ADC1_INP2
PortF,PF12,             ,                          ,                       ,                                     ,                                        ,                  ,                              ,                                  ,                                           ,                                                     ,                                              ,                                               ,FMC_A6                             ,                  ,         ,EVENTOUT,ADC1_INN2/ADC1_INP6
PortF,PF13,             ,                          ,                       ,DFSDM_DATIN6                         ,I2C4_SMBA                               ,                  ,                              ,                                  ,                                           ,                                                     ,                                              ,                                               ,FMC_A7                             ,                  ,         ,EVENTOUT,ADC2_INP2
PortF,PF14,             ,                          ,                       ,DFSDM_CKIN6                          ,I2C4_SCL                                ,                  ,                              ,                                  ,                                           ,                                                     ,                                              ,                                               ,FMC_A8                             ,                  ,         ,EVENTOUT,ADC2_INN2/ADC2_INP6
PortF,PF15,             ,                          ,                       ,                                     ,I2C4_SDA                                ,                  ,                              ,                                  ,                                           ,                                                     ,                                              ,                                               ,FMC_A9                             ,                  ,         ,EVENTOUT,
PortG,PG0 ,             ,                          ,                       ,                                     ,                                        ,                  ,                              ,                                  ,                                           ,                                                     ,                                              ,                                               ,FMC_A10                            ,                  ,         ,EVENTOUT,
PortG,PG1 ,             ,                          ,                       ,                                     ,                                        ,                  ,                              ,                                  ,                                           ,                                                     ,                                              ,                                               ,FMC_A11                            ,                  ,         ,EVENTOUT,
PortG,PG2 ,             ,                          ,                       ,TIM8_BKIN                            ,                                        ,                  ,                              ,                                  ,                                           ,                                                     ,                                              ,TIM8_BKIN_COMP12                               ,FMC_A12                            ,                  ,         ,EVENTOUT,
PortG,PG3 ,             ,                          ,                       ,TIM8_BKIN2                           ,                                        ,                  ,                              ,                                  ,                                           ,                                                     ,                                              ,TIM8_BKIN2_COMP12                              ,FMC_A13                            ,                  ,         ,EVENTOUT,
PortG,PG4 ,             ,TIM1_BKIN2                ,                       ,                                     ,                                        ,                  ,                              ,                                  ,                                           ,                                                     ,                                              ,TIM1_BKIN2_COMP12                              ,FMC_A14/FMC_BA0                    ,                  ,         ,EVENTOUT,
PortG,PG5 ,             ,TIM1_ETR                  ,                       ,                                     ,                                        ,                  ,                              ,                                  ,                                           ,                                                     ,                                              ,                                               ,FMC_A15/FMC_BA1                    ,                  ,         ,EVENTOUT,
PortG,PG6 ,             ,TIM17_BKIN                ,HRTIM_CHE1             ,                                     ,                                        ,                  ,                              ,                                  ,                                           ,                                                     ,QUADSPI_BK1_NCS                               ,                                               ,FMC_NE3                            ,DCMI_D12          ,LCD_R7   ,EVENTOUT,
PortG,PG7 ,             ,                          ,HRTIM_CHE2             ,                                     ,                                        ,                  ,SAI1_MCLK_A                   ,USART6_CK                         ,                                           ,                                                     ,                                              ,                                               ,FMC_INT                            ,DCMI_D13          ,LCD_CLK  ,EVENTOUT,
PortG,PG8 ,             ,                          ,                       ,TIM8_ETR                             ,                                        ,SPI6_NSS          ,                              ,USART6_RTS                        ,SPDIFRX_IN2                                ,                                                     ,                                              ,ETH_PPS_OUT                                    ,FMC_SDCLK                          ,                  ,LCD_G7   ,EVENTOUT,
PortG,PG9 ,             ,                          ,                       ,                                     ,                                        ,SPI1_MISO/I2S1_SDI,                              ,USART6_RX                         ,SPDIFRX_IN3                                ,QUADSPI_BK2_IO2                                      ,SAI2_FS_B                                     ,                                               ,FMC_NE2/FMC_NCE                    ,DCMI_VSYNC        ,         ,EVENTOUT,
PortG,PG10,             ,                          ,HRTIM_FLT5             ,                                     ,                                        ,SPI1_NSS/I2S1_WS  ,                              ,                                  ,                                           ,LCD_G3                                               ,SAI2_SD_B                                     ,                                               ,FMC_NE3                            ,DCMI_D2           ,LCD_B2   ,EVENTOUT,
PortG,PG11,             ,                          ,HRTIM_EEV4             ,                                     ,                                        ,SPI1_SCK/I2S1_CK  ,                              ,                                  ,SPDIFRX_IN0                                ,                                                     ,SDMMC2_D2                                     ,ETH_MII_TX_EN/ETH_RMII_TX_EN                   ,                                   ,DCMI_D3           ,LCD_B3   ,EVENTOUT,
PortG,PG12,             ,LPTIM1_IN1                ,HRTIM_EEV5             ,                                     ,                                        ,SPI6_MISO         ,                              ,USART6_RTS                        ,SPDIFRX_IN1                                ,LCD_B4                                               ,                                              ,ETH_MII_TXD1/ETH_RMII_TXD1                     ,FMC_NE4                            ,                  ,LCD_B1   ,EVENTOUT,
PortG,PG13,TRACED0      ,LPTIM1_OUT                ,HRTIM_EEV10            ,                                     ,                                        ,SPI6_SCK          ,                              ,USART6_CTS/USART6_NSS             ,                                           ,                                                     ,                                              ,ETH_MII_TXD0/ETH_RMII_TXD0                     ,FMC_A24                            ,                  ,LCD_R0   ,EVENTOUT,
PortG,PG14,TRACED1      ,LPTIM1_ETR                ,                       ,                                     ,                                        ,SPI6_MOSI         ,                              ,USART6_TX                         ,                                           ,QUADSPI_BK2_IO3                                      ,                                              ,ETH_MII_TXD1/ETH_RMII_TXD1                     ,FMC_A25                            ,                  ,LCD_B0   ,EVENTOUT,
PortG,PG15,             ,                          ,                       ,                                     ,                                        ,                  ,                              ,USART6_CTS/USART6_NSS             ,                                           ,                                                     ,                                              ,                                               ,FMC_SDNCAS                         ,DCMI_D13          ,         ,EVENTOUT,
PortH,PH0 ,             ,                          ,                       ,                                     ,                                        ,                  ,                              ,                                  ,                                           ,                                                     ,                                              ,                                               ,                                   ,                  ,         ,EVENTOUT,
PortH,PH1 ,             ,                          ,                       ,                                     ,                                        ,                  ,                              ,                                  ,                                           ,                                                     ,                                              ,                                               ,                                   ,                  ,         ,EVENTOUT,
PortH,PH2 ,             ,LPTIM1_IN2                ,                       ,                                     ,                                        ,                  ,                              ,                                  ,                                           ,QUADSPI_BK2_IO0                                      ,SAI2_SCK_B                                    ,ETH_MII_CRS                                    ,FMC_SDCKE0                         ,                  ,LCD_R0   ,EVENTOUT,ADC3_INP13
PortH,PH3 ,             ,                          ,                       ,                                     ,                                        ,                  ,                              ,                                  ,                                           ,QUADSPI_BK2_IO1                                      ,SAI2_MCK_B                                    ,ETH_MII_COL                                    ,FMC_SDNE0                          ,                  ,LCD_R1   ,EVENTOUT,ADC3_INN13/ADC3_INP14
PortH,PH4 ,             ,                          ,                       ,                                     ,I2C2_SCL                                ,                  ,                              ,                                  ,                                           ,LCD_G5                                               ,OTG_HS_ULPI_NXT                               ,                                               ,                                   ,                  ,LCD_G4   ,EVENTOUT,ADC3_INN14/ADC3_INP15
PortH,PH5 ,             ,                          ,                       ,                                     ,I2C2_SDA                                ,SPI5_NSS          ,                              ,                                  ,                                           ,                                                     ,                                              ,                                               ,FMC_SDNWE                          ,                  ,         ,EVENTOUT,ADC3_INN15/ADC3_INP16
PortH,PH6 ,             ,                          ,TIM12_CH1              ,                                     ,I2C2_SMBA                               ,SPI5_SCK          ,                              ,                                  ,                                           ,                                                     ,                                              ,ETH_MII_RXD2                                   ,FMC_SDNE1                          ,DCMI_D8           ,         ,EVENTOUT,
PortH,PH7 ,             ,                          ,                       ,                                     ,I2C3_SCL                                ,SPI5_MISO         ,                              ,                                  ,                                           ,                                                     ,                                              ,ETH_MII_RXD3                                   ,FMC_SDCKE1                         ,DCMI_D9           ,         ,EVENTOUT,
PortH,PH8 ,             ,                          ,TIM5_ETR               ,                                     ,I2C3_SDA                                ,                  ,                              ,                                  ,                                           ,                                                     ,                                              ,                                               ,FMC_D16                            ,DCMI_HSYNC        ,LCD_R2   ,EVENTOUT,
PortH,PH9 ,             ,                          ,TIM12_CH2              ,                                     ,I2C3_SMBA                               ,                  ,                              ,                                  ,                                           ,                                                     ,                                              ,                                               ,FMC_D17                            ,DCMI_D0           ,LCD_R3   ,EVENTOUT,
PortH,PH10,             ,                          ,TIM5_CH1               ,                                     ,I2C4_SMBA                               ,                  ,                              ,                                  ,                                           ,                                                     ,                                              ,                                               ,FMC_D18                            ,DCMI_D1           ,LCD_R4   ,EVENTOUT,
PortH,PH11,             ,                          ,TIM5_CH2               ,                                     ,I2C4_SCL                                ,                  ,                              ,                                  ,                                           ,                                                     ,                                              ,                                               ,FMC_D19                            ,DCMI_D2           ,LCD_R5   ,EVENTOUT,
PortH,PH12,             ,                          ,TIM5_CH3               ,                                     ,I2C4_SDA                                ,                  ,                              ,                                  ,                                           ,                                                     ,                                              ,                                               ,FMC_D20                            ,DCMI_D3           ,LCD_R6   ,EVENTOUT,
PortH,PH13,             ,                          ,                       ,TIM8_CH1N                            ,                                        ,                  ,                              ,                                  ,UART4_TX                                   ,CAN1_TX                                              ,                                              ,                                               ,FMC_D21                            ,                  ,LCD_G2   ,EVENTOUT,
PortH,PH14,             ,                          ,                       ,TIM8_CH2N                            ,                                        ,                  ,                              ,                                  ,UART4_RX                                   ,CAN1_RX                                              ,                                              ,                                               ,FMC_D22                            ,DCMI_D4           ,LCD_G3   ,EVENTOUT,
PortH,PH15,             ,                          ,                       ,TIM8_CH3N                            ,                                        ,                  ,                              ,                                  ,                                           ,CAN1_TXFD                                            ,                                              ,                                               ,FMC_D23                            ,DCMI_D11          ,LCD_G4   ,EVENTOUT,
PortI,PI0 ,             ,                          ,TIM5_CH4               ,                                     ,                                        ,SPI2_NSS/I2S2_WS  ,                              ,                                  ,                                           ,CAN1_RXFD                                            ,                                              ,                                               ,FMC_D24                            ,DCMI_D13          ,LCD_G5   ,EVENTOUT,
PortI,PI1 ,             ,                          ,                       ,TIM8_BKIN2                           ,                                        ,SPI2_SCK/I2S2_CK  ,                              ,                                  ,                                           ,                                                     ,                                              ,TIM8_BKIN2_COMP12                              ,FMC_D25                            ,DCMI_D8           ,LCD_G6   ,EVENTOUT,
PortI,PI2 ,             ,                          ,                       ,TIM8_CH4                             ,                                        ,SPI2_MISO/I2S2_SDI,                              ,                                  ,                                           ,                                                     ,                                              ,                                               ,FMC_D26                            ,DCMI_D9           ,LCD_G7   ,EVENTOUT,
PortI,PI3 ,             ,                          ,                       ,TIM8_ETR                             ,                                        ,SPI2_MOSI/I2S2_SDO,                              ,                                  ,                                           ,                                                     ,                                              ,                                               ,FMC_D27                            ,DCMI_D10          ,         ,EVENTOUT,
PortI,PI4 ,             ,                          ,                       ,TIM8_BKIN                            ,                                        ,                  ,                              ,                                  ,                                           ,                                                     ,SAI2_MCK_A                                    ,TIM8_BKIN_COMP12                               ,FMC_NBL2                           ,DCMI_D5           ,LCD_B4   ,EVENTOUT,
PortI,PI5 ,             ,                          ,                       ,TIM8_CH1                             ,                                        ,                  ,                              ,                                  ,                                           ,                                                     ,SAI2_SCK_A                                    ,                                               ,FMC_NBL3                           ,DCMI_VSYNC        ,LCD_B5   ,EVENTOUT,
PortI,PI6 ,             ,                          ,                       ,TIM8_CH2                             ,                                        ,                  ,                              ,                                  ,                                           ,                                                     ,SAI2_SD_A                                     ,                                               ,FMC_D28                            ,DCMI_D6           ,LCD_B6   ,EVENTOUT,
PortI,PI7 ,             ,                          ,                       ,TIM8_CH3                             ,                                        ,                  ,                              ,                                  ,                                           ,                                                     ,SAI2_FS_A                                     ,                                               ,FMC_D29                            ,DCMI_D7           ,LCD_B7   ,EVENTOUT,
PortI,PI8 ,             ,                          ,                       ,                                     ,                                        ,                  ,                              ,                                  ,                                           ,                                                     ,                                              ,                                               ,                                   ,                  ,         ,EVENTOUT,
PortI,PI9 ,             ,                          ,                       ,                                     ,                                        ,                  ,                              ,                                  ,UART4_RX                                   ,CAN1_RX                                              ,                                              ,                                               ,FMC_D30                            ,                  ,LCD_VSYNC,EVENTOUT,
PortI,PI10,             ,                          ,                       ,                                     ,                                        ,                  ,                              ,                                  ,                                           ,CAN1_RXFD                                            ,                                              ,ETH_MII_RX_ER                                  ,FMC_D31                            ,                  ,LCD_HSYNC,EVENTOUT,
PortI,PI11,             ,                          ,                       ,                                     ,                                        ,                  ,                              ,                                  ,                                           ,LCD_G6                                               ,OTG_HS_ULPI_DIR                               ,                                               ,                                   ,                  ,         ,EVENTOUT,
PortI,PI12,             ,                          ,                       ,                                     ,                                        ,                  ,                              ,                                  ,                                           ,                                                     ,                                              ,ETH_TX_ER                                      ,                                   ,                  ,LCD_HSYNC,EVENTOUT,
PortI,PI13,             ,                          ,                       ,                                     ,                                        ,                  ,                              ,                                  ,                                           ,                                                     ,                                              ,                                               ,                                   ,                  ,LCD_VSYNC,EVENTOUT,
PortI,PI14,             ,                          ,                       ,                                     ,                                        ,                  ,                              ,                                  ,                                           ,                                                     ,                                              ,                                               ,                                   ,                  ,LCD_CLK  ,EVENTOUT,
PortI,PI15,             ,                          ,                       ,                                     ,                                        ,                  ,                              ,                                  ,                                           ,LCD_G2                                               ,                                              ,                                               ,                                   ,                  ,LCD_R0   ,EVENTOUT,
PortJ,PJ0 ,             ,                          ,                       ,                                     ,                                        ,                  ,                              ,                                  ,                                           ,LCD_R7                                               ,                                              ,                                               ,                                   ,                  ,LCD_R1   ,EVENTOUT,
PortJ,PJ1 ,             ,                          ,                       ,                                     ,                                        ,                  ,                              ,                                  ,                                           ,                                                     ,                                              ,                                               ,                                   ,                  ,LCD_R2   ,EVENTOUT,
PortJ,PJ2 ,             ,                          ,                       ,                                     ,                                        ,                  ,                              ,                                  ,                                           ,                                                     ,                                              ,                                               ,                                   ,                  ,LCD_R3   ,EVENTOUT,
PortJ,PJ3 ,             ,                          ,                       ,                                     ,                                        ,                  ,                              ,                                  ,                                           ,                                                     ,                                              ,                                               ,                                   ,                  ,LCD_R4   ,EVENTOUT,
PortJ,PJ4 ,             ,                          ,                       ,                                     ,                                        ,                  ,                              ,                                  ,                                           ,                                                     ,                                              ,                                               ,                                   ,                  ,LCD_R5   ,EVENTOUT,
PortJ,PJ5 ,             ,                          ,                       ,                                     ,                                        ,                  ,                              ,                                  ,                                           ,                                                     ,                                              ,                                               ,                                   ,                  ,LCD_R6   ,EVENTOUT,
PortJ,PJ6 ,             ,                          ,                       ,TIM8_CH2                             ,                                        ,                  ,                              ,                                  ,                                           ,                                                     ,                                              ,                                               ,                                   ,                  ,LCD_R7   ,EVENTOUT,
PortJ,PJ7 ,TRGIN        ,                          ,                       ,TIM8_CH2N                            ,                                        ,                  ,                              ,                                  ,                                           ,                                                     ,                                              ,                                               ,                                   ,                  ,LCD_G0   ,EVENTOUT,
PortJ,PJ8 ,             ,TIM1_CH3N                 ,                       ,TIM8_CH1                             ,                                        ,                  ,                              ,                                  ,UART8_TX                                   ,                                                     ,                                              ,                                               ,                                   ,                  ,LCD_G1   ,EVENTOUT,
PortJ,PJ9 ,             ,TIM1_CH3                  ,                       ,TIM8_CH1N                            ,                                        ,                  ,                              ,                                  ,UART8_RX                                   ,                                                     ,                                              ,                                               ,                                   ,                  ,LCD_G2   ,EVENTOUT,
PortJ,PJ10,             ,TIM1_CH2N                 ,                       ,TIM8_CH2                             ,                                        ,SPI5_MOSI         ,                              ,                                  ,                                           ,                                                     ,                                              ,                                               ,                                   ,                  ,LCD_G3   ,EVENTOUT,
PortJ,PJ11,             ,TIM1_CH2                  ,                       ,TIM8_CH2N                            ,                                        ,SPI5_MISO         ,                              ,                                  ,                                           ,                                                     ,                                              ,                                               ,                                   ,                  ,LCD_G4   ,EVENTOUT,
PortJ,PJ12,TRGOUT       ,                          ,                       ,                                     ,                                        ,                  ,                              ,                                  ,                                           ,LCD_G3                                               ,                                              ,                                               ,                                   ,                  ,LCD_B0   ,EVENTOUT,
PortJ,PJ13,             ,                          ,                       ,                                     ,                                        ,                  ,                              ,                                  ,                                           ,LCD_B4                                               ,                                              ,                                               ,                                   ,                  ,LCD_B1   ,EVENTOUT,
PortJ,PJ14,             ,                          ,                       ,                                     ,                                        ,                  ,                              ,                                  ,                                           ,                                                     ,                                              ,                                               ,                                   ,                  ,LCD_B2   ,EVENTOUT,
PortJ,PJ15,             ,                          ,                       ,                                     ,                                        ,                  ,                              ,                                  ,                                           ,                                                     ,                                              ,                                               ,                                   ,                  ,LCD_B3   ,EVENTOUT,
PortK,PK0 ,             ,TIM1_CH1N                 ,                       ,TIM8_CH3                             ,                                        ,SPI5_SCK          ,                              ,                                  ,                                           ,                                                     ,                                              ,                                               ,                                   ,                  ,LCD_G5   ,EVENTOUT,
PortK,PK1 ,             ,TIM1_CH1                  ,                       ,TIM8_CH3N                            ,                                        ,SPI5_NSS          ,                              ,                                  ,                                           ,                                                     ,                                              ,                                               ,                                   ,                  ,LCD_G6   ,EVENTOUT,
PortK,PK2 ,             ,TIM1_BKIN                 ,                       ,TIM8_BKIN                            ,                                        ,                  ,                              ,                                  ,                                           ,                                                     ,TIM8_BKIN_COMP12                              ,TIM1_BKIN_COMP12                               ,                                   ,                  ,LCD_G7   ,EVENTOUT,
PortK,PK3 ,             ,                          ,                       ,                                     ,                                        ,                  ,                              ,                                  ,                                           ,                                                     ,                                              ,                                               ,                                   ,                  ,LCD_B4   ,EVENTOUT,
PortK,PK4 ,             ,                          ,                       ,                                     ,                                        ,                  ,                              ,                                  ,                                           ,                                                     ,                                              ,                                               ,                                   ,                  ,LCD_B5   ,EVENTOUT,
PortK,PK5 ,             ,                          ,                       ,                                     ,                                        ,                  ,                              ,                                  ,                                           ,                                                     ,                                              ,                                               ,                                   ,                  ,LCD_B6   ,EVENTOUT,
PortK,PK6 ,             ,                          ,                       ,                                     ,                                        ,                  ,                              ,                                  ,                                           ,                                                     ,                                              ,                                               ,                                   ,                  ,LCD_B7   ,EVENTOUT,
PortK,PK7 ,             ,                          ,                       ,                                     ,                                        ,                  ,                              ,                                  ,                                           ,                                                     ,                                              ,                                               ,                                   ,                  ,LCD_DE   ,EVENTOUT,
